player_id,name,issues
00-0000108,David Akers,no_pre_2014_contract
00-0009311,Jon Kitna,no_pre_2014_contract
00-0009889,Ray Lewis,club_unresolved;missing_or_conflicting_source_status;no_2013_roster_observation;placement_unknown
00-0010341,Patrick Mannelly,no_pre_2014_contract
00-0011022,Donovan McNabb,club_unresolved;missing_or_conflicting_source_status;no_2013_roster_observation;placement_unknown
00-0011626,Brian Moorman,no_pre_2014_contract
00-0015754,Brandon Stokley,last_observed_before_week17;no_pre_2014_contract
00-0018584,Brian Waters,last_observed_before_week17;no_pre_2014_contract
00-0019104,Paris Lenon,no_pre_2014_contract
00-0019310,Rian Lindell,no_pre_2014_contract
00-0019435,Mike Leach,no_pre_2014_contract
00-0019536,Shayne Graham,missing_or_conflicting_source_status;no_pre_2014_contract;release_status_needs_dated_source
00-0019770,Jay Feely,no_pre_2014_contract
00-0020260,Roberto Garza,stale_contract
00-0020445,Dominic Raiola,no_pre_2014_contract
00-0020489,Andre Carter,no_pre_2014_contract
00-0020498,Reggie Wayne,last_observed_before_week17
00-0020528,Shaun Rogers,last_observed_before_week17;no_pre_2014_contract
00-0020608,David Carr,club_unresolved;missing_or_conflicting_source_status;no_2013_roster_observation;placement_unknown
00-0020962,Rob Bironas,no_pre_2014_contract
00-0020972,Billy Cundiff,no_pre_2014_contract
00-0021085,Will Witherspoon,no_pre_2014_contract
00-0021092,Justin Bannan,last_observed_before_week17;no_pre_2014_contract;release_status_needs_dated_source
00-0021146,Dwight Freeney,last_observed_before_week17
00-0021149,Albert Haynesworth,club_unresolved;missing_or_conflicting_source_status;no_2013_roster_observation;placement_unknown
00-0021154,Daniel Graham,club_unresolved;missing_or_conflicting_source_status;no_2013_roster_observation;placement_unknown
00-0021192,Deion Branch,no_pre_2014_contract
00-0021231,David Garrard,no_pre_2014_contract
00-0021235,Dave Zastudil,no_pre_2014_contract
00-0021246,Larry Foote,last_observed_before_week17;no_pre_2014_contract
00-0021344,Brett Keisel,stale_contract
00-0021377,Ed Reed,missing_or_conflicting_source_status;release_status_needs_dated_source
00-0021381,Quentin Jammer,no_pre_2014_contract
00-0021383,Bryant McKinnie,missing_or_conflicting_source_status;no_pre_2014_contract;release_status_needs_dated_source
00-0021385,Andre Gurode,no_pre_2014_contract
00-0021488,Mat McBriar,no_pre_2014_contract
00-0021512,Quintin Mikell,no_pre_2014_contract
00-0021570,Kassim Osgood,no_pre_2014_contract
00-0021604,Israel Idonije,last_observed_before_week17;no_pre_2014_contract
00-0021684,Colin Cole,no_pre_2014_contract
00-0021922,David Diehl,no_pre_2014_contract
00-0021940,Josh Brown,no_pre_2014_contract
00-0021990,Nick Barnett,last_observed_before_week17;no_pre_2014_contract
00-0021994,Drayton Florence,no_pre_2014_contract
00-0022054,Visanthe Shiancoe,last_observed_before_week17;no_pre_2014_contract;release_status_needs_dated_source
00-0022055,Seneca Wallace,last_observed_before_week17;no_pre_2014_contract
00-0022067,Yeremiah Bell,no_pre_2014_contract
00-0022077,Nnamdi Asomugha,last_observed_before_week17;release_status_needs_dated_source
00-0022080,Rashean Mathis,no_pre_2014_contract
00-0022084,Anquan Boldin,stale_contract
00-0022121,Rex Grossman,no_pre_2014_contract
00-0022123,Charles Tillman,last_observed_before_week17;stale_contract
00-0022128,Lance Briggs,stale_contract
00-0022147,Aubrayo Franklin,no_pre_2014_contract
00-0022149,Tony Pashos,no_pre_2014_contract
00-0022165,Dallas Clark,no_pre_2014_contract
00-0022167,Chris Crocker,no_pre_2014_contract
00-0022178,Willis McGahee,no_pre_2014_contract
00-0022214,Travelle Wharton,no_pre_2014_contract
00-0022397,Vonta Leach,no_pre_2014_contract
00-0022414,Malcom Floyd,last_observed_before_week17
00-0022502,Jeremy Cain,last_observed_before_week17;release_status_needs_dated_source
00-0022527,Jabari Greer,last_observed_before_week17
00-0022531,Jason Peters,stale_contract
00-0022539,Tommy Kelly,last_observed_before_week17
00-0022581,Cullen Loeffler,no_pre_2014_contract
00-0022712,Vince Wilfork,last_observed_before_week17
00-0022723,Shaun Phillips,no_pre_2014_contract
00-0022778,Jonathan Vilma,last_observed_before_week17;no_pre_2014_contract
00-0022780,D.J. Williams,last_observed_before_week17
00-0022785,Max Starks,last_observed_before_week17;no_pre_2014_contract;release_status_needs_dated_source
00-0022811,Jerricho Cotchery,no_pre_2014_contract
00-0022832,Scott Wells,last_observed_before_week17
00-0022838,Chris Snee,last_observed_before_week17
00-0022847,Ben Hartsock,no_pre_2014_contract
00-0022855,Sean Locklear,no_pre_2014_contract
00-0022863,Isaac Sopoaga,missing_or_conflicting_source_status;release_status_needs_dated_source
00-0022867,Robert Geathers,last_observed_before_week17
00-0022897,Greg Jones,no_matching_club_contract
00-0022900,Will Allen,missing_or_conflicting_source_status;no_pre_2014_contract;release_status_needs_dated_source
00-0022911,Will Smith,club_unresolved;missing_or_conflicting_source_status;no_2013_roster_observation;placement_unknown
00-0022975,Andrew Economos,no_pre_2014_contract
00-0023001,Shaun Suisham,no_pre_2014_contract
00-0023003,Greg Warren,no_pre_2014_contract
00-0023008,Chris Carr,last_observed_before_week17;no_pre_2014_contract;release_status_needs_dated_source
00-0023013,Brandon Browner,last_observed_before_week17
00-0023096,Nick Novak,no_pre_2014_contract
00-0023173,John Denney,no_pre_2014_contract
00-0023176,Joshua Cribbs,last_observed_before_week17;no_pre_2014_contract
00-0023177,Jon Condo,no_pre_2014_contract
00-0023215,Heath Farwell,no_pre_2014_contract
00-0023234,Michael Koenen,no_pre_2014_contract
00-0023252,Robbie Gould,no_pre_2014_contract
00-0023259,Lorenzo Alexander,last_observed_before_week17
00-0023287,Jim Leonhard,no_pre_2014_contract
00-0023316,Raymond Ventrone,no_pre_2014_contract
00-0023327,Gary Gibson,no_pre_2014_contract
00-0023437,Ronnie Brown,no_pre_2014_contract
00-0023455,Marcus Spears,last_observed_before_week17;no_pre_2014_contract;release_status_needs_dated_source
00-0023461,Chris Spencer,no_pre_2014_contract
00-0023466,Mike Patterson,no_pre_2014_contract
00-0023468,David Baas,last_observed_before_week17
00-0023478,Corey Webster,last_observed_before_week17
00-0023487,Khalif Barnes,no_pre_2014_contract
00-0023494,Jonathan Babineaux,stale_contract
00-0023506,Alex Smith,no_matching_club_contract
00-0023509,Justin Tuck,stale_contract
00-0023516,Richie Incognito,last_observed_before_week17
00-0023529,Adam Snyder,no_pre_2014_contract
00-0023545,Brandon Jacobs,last_observed_before_week17;no_pre_2014_contract
00-0023548,David Stewart,ambiguous_same_year_terms
00-0023569,Matt Giordano,no_pre_2014_contract
00-0023578,Dan Orlovsky,no_pre_2014_contract
00-0023593,Michael Boley,no_pre_2014_contract
00-0023602,Geoff Hangartner,no_pre_2014_contract
00-0023620,Will Svitek,no_pre_2014_contract
00-0023648,Kevin Vickerson,last_observed_before_week17
00-0023656,Jay Ratliff,missing_or_conflicting_source_status;no_pre_2014_contract;release_status_needs_dated_source
00-0023679,Billy Bajema,last_observed_before_week17;no_pre_2014_contract;release_status_needs_dated_source
00-0023693,Chase Blackburn,no_pre_2014_contract
00-0023727,Dimitri Patterson,last_observed_before_week17
00-0023740,Thomas Gafford,no_pre_2014_contract
00-0023742,Jon Ryan,no_pre_2014_contract
00-0023853,Matt Prater,no_pre_2014_contract
00-0023890,Jason Hunter,no_pre_2014_contract
00-0023904,Garrett McIntyre,no_pre_2014_contract
00-0023918,Jarrett Bush,no_pre_2014_contract
00-0023920,Dennis Roland,no_pre_2014_contract
00-0023921,Miles Austin,ambiguous_same_year_terms
00-0023954,Stephen Bowen,last_observed_before_week17
00-0023968,Micheal Spurlock,missing_or_conflicting_source_status;no_pre_2014_contract;release_status_needs_dated_source
00-0024061,Tramon Williams,ambiguous_same_year_terms
00-0024103,Montell Owens,last_observed_before_week17
00-0024110,Steve Weatherford,no_pre_2014_contract
00-0024129,Blake Costanzo,no_pre_2014_contract
00-0024222,Michael Huff,missing_or_conflicting_source_status;no_pre_2014_contract;release_status_needs_dated_source
00-0024224,Ernie Sims,no_pre_2014_contract
00-0024226,Jay Cutler,stale_contract
00-0024227,Haloti Ngata,stale_contract
00-0024239,Johnathan Joseph,last_observed_before_week17
00-0024250,Rocky McIntosh,no_pre_2014_contract
00-0024253,Thomas Howard,last_observed_before_week17;no_pre_2014_contract;release_status_needs_dated_source
00-0024254,Winston Justice,no_pre_2014_contract
00-0024257,Danieal Manning,last_observed_before_week17
00-0024264,Kellen Clemens,no_pre_2014_contract
00-0024270,Andrew Whitworth,stale_contract
00-0024272,Devin Hester,stale_contract
00-0024273,Richard Marshall,no_pre_2014_contract
00-0024274,Jeremy Trueblood,no_pre_2014_contract
00-0024276,Tony Scheffler,last_observed_before_week17;no_pre_2014_contract;release_status_needs_dated_source
00-0024278,Darryl Tapp,no_pre_2014_contract
00-0024279,Tarvaris Jackson,no_pre_2014_contract
00-0024281,Eric Winston,no_pre_2014_contract
00-0024290,Jason Spitz,last_observed_before_week17;no_pre_2014_contract;release_status_needs_dated_source
00-0024303,James Anderson,no_pre_2014_contract
00-0024304,Rashad Butler,last_observed_before_week17;missing_or_conflicting_source_status;no_pre_2014_contract;release_status_needs_dated_source
00-0024312,Eric Smith,club_unresolved;missing_or_conflicting_source_status;no_2013_roster_observation;placement_unknown
00-0024313,Owen Daniels,last_observed_before_week17;release_status_needs_dated_source
00-0024315,Michael Robinson,no_pre_2014_contract
00-0024318,Brad Smith,missing_or_conflicting_source_status;no_pre_2014_contract;release_status_needs_dated_source
00-0024330,Will Blackmon,no_pre_2014_contract;real_jaguars_move_not_applied
00-0024332,Leon Washington,missing_or_conflicting_source_status;no_pre_2014_contract;release_status_needs_dated_source
00-0024338,Domata Peko,stale_contract
00-0024343,Rob Sims,ambiguous_same_year_terms
00-0024344,Guy Whimper,no_pre_2014_contract
00-0024345,Domenik Hixon,no_pre_2014_contract
00-0024354,Parys Haralson,no_pre_2014_contract
00-0024355,Jonathan Scott,no_pre_2014_contract
00-0024360,Dawan Landry,no_pre_2014_contract
00-0024365,Tim Dobbins,last_observed_before_week17;no_pre_2014_contract;release_status_needs_dated_source
00-0024382,Omar Gaither,no_pre_2014_contract
00-0024387,Reed Doughty,no_pre_2014_contract
00-0024390,Kevin Boothe,no_pre_2014_contract
00-0024397,Johnny Jolly,last_observed_before_week17;no_pre_2014_contract
00-0024405,Jeremy Mincey,missing_or_conflicting_source_status;release_status_needs_dated_source
00-0024408,Bruce Gradkowski,no_pre_2014_contract
00-0024410,Kedric Golston,no_pre_2014_contract
00-0024417,Sam Koch,no_pre_2014_contract
00-0024422,Derrick Martin,no_pre_2014_contract
00-0024425,Pat McQuistan,last_observed_before_week17;no_pre_2014_contract;release_status_needs_dated_source
00-0024426,Fred Evans,no_pre_2014_contract
00-0024429,Cortland Finnegan,last_observed_before_week17
00-0024463,Ben Obomanu,last_observed_before_week17;no_pre_2014_contract;release_status_needs_dated_source
00-0024515,Saverio Rocca,no_pre_2014_contract
00-0024535,Eric Weems,no_pre_2014_contract
00-0024588,Marquice Cole,missing_or_conflicting_source_status;no_pre_2014_contract;release_status_needs_dated_source
00-0024670,Kyle Cook,ambiguous_same_year_terms
00-0024692,Daniel Muir,no_pre_2014_contract
00-0024714,Edgar Jones,no_pre_2014_contract
00-0024796,Craig Dahl,no_pre_2014_contract
00-0025390,Joe Thomas,missing_otc_id
00-0025392,Levi Brown,last_observed_before_week17;missing_or_conflicting_source_status;release_status_needs_dated_source
00-0025400,Adam Carriker,club_unresolved;missing_or_conflicting_source_status;no_2013_roster_observation;placement_unknown
00-0025405,Leon Hall,last_observed_before_week17
00-0025407,Aaron Ross,last_observed_before_week17;no_pre_2014_contract
00-0025409,Brady Quinn,last_observed_before_week17;missing_or_conflicting_source_status;no_pre_2014_contract;release_status_needs_dated_source
00-0025411,Brandon Meriweather,no_pre_2014_contract
00-0025412,Jon Beason,missing_or_conflicting_source_status;release_status_needs_dated_source
00-0025413,Anthony Spencer,last_observed_before_week17
00-0025414,Robert Meachem,no_pre_2014_contract
00-0025420,Alan Branch,ambiguous_same_year_terms
00-0025423,Kevin Kolb,club_unresolved;missing_or_conflicting_source_status;no_2013_roster_observation;placement_unknown
00-0025430,Drew Stanton,no_matching_club_contract
00-0025431,Sidney Rice,last_observed_before_week17
00-0025433,LaMarr Woodley,last_observed_before_week17
00-0025435,Justin Durant,last_observed_before_week17
00-0025439,Brian Leonard,no_pre_2014_contract
00-0025440,Eric Wright,no_pre_2014_contract
00-0025442,Josh Wilson,no_pre_2014_contract
00-0025453,Usama Young,last_observed_before_week17;no_pre_2014_contract
00-0025457,Ryan Harris,no_pre_2014_contract
00-0025464,Matt Spaeth,no_pre_2014_contract
00-0025488,Adam Podlesh,no_pre_2014_contract
00-0025490,Isaiah Stanback,branch_claimant_unknown;missing_or_conflicting_source_status;no_2013_roster_observation;no_pre_2014_contract
00-0025502,Leroy Harris,no_pre_2014_contract
00-0025503,Zak DeOssie,no_pre_2014_contract
00-0025504,Manuel Ramirez,no_pre_2014_contract
00-0025521,Antwan Barnes,last_observed_before_week17;no_pre_2014_contract
00-0025525,Jay Richardson,last_observed_before_week17;no_pre_2014_contract;release_status_needs_dated_source
00-0025534,Tarell Brown,stale_contract
00-0025542,Dante Rosario,no_pre_2014_contract
00-0025548,Will Herring,no_pre_2014_contract
00-0025552,Eric Frampton,missing_or_conflicting_source_status;no_pre_2014_contract;release_status_needs_dated_source
00-0025553,Derek Landri,no_pre_2014_contract
00-0025565,Nick Folk,no_pre_2014_contract
00-0025569,Adam Hayward,no_pre_2014_contract
00-0025571,John Wendling,no_pre_2014_contract
00-0025579,Desmond Bishop,last_observed_before_week17;no_pre_2014_contract
00-0025580,Mason Crosby,no_pre_2014_contract
00-0025592,Jordan Palmer,no_pre_2014_contract
00-0025596,Corey Hilliard,no_pre_2014_contract
00-0025605,Zach Diles,last_observed_before_week17;no_pre_2014_contract;release_status_needs_dated_source
00-0025607,Marvin Mitchell,no_pre_2014_contract
00-0025608,Trumaine McBride,no_pre_2014_contract
00-0025610,Mike Otto,no_pre_2014_contract
00-0025612,Brandon Fields,no_pre_2014_contract
00-0025619,Steve Vallos,no_pre_2014_contract
00-0025629,Keyunta Dawson,missing_or_conflicting_source_status;no_pre_2014_contract;release_status_needs_dated_source
00-0025631,Jason Snelling,no_pre_2014_contract
00-0025637,Ahmad Bradshaw,last_observed_before_week17
00-0025660,Brett Goode,no_pre_2014_contract
00-0025668,Michael Adams,last_observed_before_week17
00-0025697,Jason Trusnik,no_pre_2014_contract
00-0025701,Jackie Battle,no_pre_2014_contract
00-0025719,Akeem Jordan,no_pre_2014_contract
00-0025753,James Ihedigbo,no_pre_2014_contract
00-0025761,Robert Turner,last_observed_before_week17;missing_otc_id
00-0025820,Jake Long,last_observed_before_week17
00-0025824,Garrett Hartley,last_observed_before_week17;no_pre_2014_contract;release_status_needs_dated_source
00-0025825,Brett Kern,missing_otc_id
00-0025826,Tyler Polumbus,no_pre_2014_contract
00-0025829,Doug Legursky,no_pre_2014_contract
00-0025833,Patrick Bailey,no_pre_2014_contract
00-0025838,Jo-Lonn Dunbar,no_pre_2014_contract
00-0025857,Ogemdi Nwagbuo,no_pre_2014_contract
00-0025866,Ryan Wendell,no_pre_2014_contract
00-0025900,Chris Clark,ambiguous_same_year_terms
00-0025902,Elbert Mack,no_pre_2014_contract
00-0025925,Fernando Velasco,last_observed_before_week17;no_pre_2014_contract
00-0025940,Husain Abdullah,no_pre_2014_contract
00-0025942,Leger Douzable,no_pre_2014_contract
00-0025944,Steven Hauschka,no_pre_2014_contract
00-0025951,Darius Reynaud,missing_or_conflicting_source_status;no_pre_2014_contract;release_status_needs_dated_source
00-0025970,Caleb Hanie,last_observed_before_week17;no_pre_2014_contract;release_status_needs_dated_source
00-0025995,Jordan Senn,no_pre_2014_contract
00-0026000,Davone Bess,last_observed_before_week17
00-0026003,Dan Carpenter,no_pre_2014_contract
00-0026008,Matthew Mulligan,no_pre_2014_contract
00-0026027,J.J. Jansen,no_pre_2014_contract
00-0026028,Danny Lansanah,missing_or_conflicting_source_status;no_pre_2014_contract;release_status_needs_dated_source
00-0026072,Jed Collins,no_pre_2014_contract
00-0026093,Anthony Toribio,last_observed_before_week17;no_pre_2014_contract;release_status_needs_dated_source
00-0026149,Keith Rivers,no_pre_2014_contract
00-0026150,Jerod Mayo,last_observed_before_week17
00-0026152,Ryan Clady,last_observed_before_week17
00-0026161,Sam Baker,last_observed_before_week17
00-0026162,Felix Jones,no_pre_2014_contract
00-0026164,Chris Johnson,missing_otc_id
00-0026165,Mike Jenkins,no_pre_2014_contract
00-0026167,Antoine Cason,no_pre_2014_contract
00-0026170,Dustin Keller,club_unresolved;missing_or_conflicting_source_status;no_2013_roster_observation;placement_unknown
00-0026172,Phillip Merling,last_observed_before_week17;no_pre_2014_contract;release_status_needs_dated_source
00-0026178,John Carlson,last_observed_before_week17
00-0026192,Quentin Groves,last_observed_before_week17;no_pre_2014_contract
00-0026194,Jason Jones,last_observed_before_week17
00-0026199,Mike Pollak,no_pre_2014_contract
00-0026203,Terrell Thomas,no_pre_2014_contract
00-0026207,Charles Godfrey,last_observed_before_week17
00-0026211,Tavares Gooden,last_observed_before_week17;no_pre_2014_contract;release_status_needs_dated_source
00-0026214,Dan Connor,missing_or_conflicting_source_status;no_pre_2014_contract;release_status_needs_dated_source
00-0026227,Andre Fluellen,no_pre_2014_contract
00-0026231,Jermichael Finley,last_observed_before_week17
00-0026235,Mario Manningham,last_observed_before_week17;no_pre_2014_contract
00-0026237,Andre Caldwell,no_pre_2014_contract
00-0026239,Oniel Cousins,no_pre_2014_contract
00-0026240,Tyvon Branch,last_observed_before_week17
00-0026247,Cody Wallace,no_pre_2014_contract
00-0026249,Mike McGlynn,no_pre_2014_contract
00-0026253,Dwight Lowery,last_observed_before_week17;release_status_needs_dated_source
00-0026260,Craig Steltz,no_pre_2014_contract
00-0026262,Tashard Choice,missing_or_conflicting_source_status;no_pre_2014_contract;release_status_needs_dated_source
00-0026263,Bryan Kehl,last_observed_before_week17;no_pre_2014_contract
00-0026266,Lavelle Hawkins,no_pre_2014_contract
00-0026278,Robert James,missing_or_conflicting_source_status;no_pre_2014_contract;release_status_needs_dated_source
00-0026280,Brandon Carr,no_matching_club_contract
00-0026282,Zackary Bowman,no_pre_2014_contract
00-0026294,Kroy Biermann,last_observed_before_week17
00-0026298,Kellen Davis,no_pre_2014_contract
00-0026309,Trevor Scott,last_observed_before_week17;no_pre_2014_contract;release_status_needs_dated_source
00-0026310,Barry Richardson,last_observed_before_week17;no_pre_2014_contract;release_status_needs_dated_source
00-0026315,Geno Hayes,no_pre_2014_contract;real_jaguars_move_not_applied
00-0026317,Corey Lynch,missing_or_conflicting_source_status;no_pre_2014_contract;release_status_needs_dated_source
00-0026321,Nick Hayden,no_pre_2014_contract
00-0026323,Spencer Larsen,no_pre_2014_contract
00-0026324,Mike Gibson,no_pre_2014_contract
00-0026334,Ryan Mundy,no_pre_2014_contract
00-0026335,Donald Thomas,last_observed_before_week17
00-0026343,Andy Studebaker,no_pre_2014_contract
00-0026349,Matt Flynn,missing_or_conflicting_source_status;release_status_needs_dated_source
00-0026351,Nate Garner,no_pre_2014_contract
00-0026354,Larry Grant,last_observed_before_week17;no_pre_2014_contract;release_status_needs_dated_source
00-0026356,Landon Cohen,missing_or_conflicting_source_status;no_pre_2014_contract;release_status_needs_dated_source
00-0026367,Peyton Hillis,missing_or_conflicting_source_status;no_pre_2014_contract;release_status_needs_dated_source
00-0026373,Justin Forsett,last_observed_before_week17;real_jaguars_move_not_applied
00-0026382,Rob Jackson,no_pre_2014_contract
00-0026493,Tanner Purdum,no_pre_2014_contract
00-0026501,Curtis Taylor,no_pre_2014_contract
00-0026505,John Parker Wilson,missing_or_conflicting_source_status;no_2013_roster_observation
00-0026515,Tony Carter,no_pre_2014_contract
00-0026516,Britton Colquitt,no_pre_2014_contract
00-0026533,Desmond Bryant,last_observed_before_week17
00-0026566,Isaac Redman,last_observed_before_week17;no_pre_2014_contract;release_status_needs_dated_source
00-0026574,Dallas Reynolds,no_pre_2014_contract
00-0026577,Marcus Thigpen,no_pre_2014_contract
00-0026578,Colt Anderson,no_pre_2014_contract
00-0026579,Kahlil Bell,no_pre_2014_contract
00-0026581,Rob Francois,last_observed_before_week17;no_pre_2014_contract
00-0026605,Russell Allen,last_observed_before_week17
00-0026625,Brian Hoyer,last_observed_before_week17;no_matching_club_contract
00-0026635,Ashlee Palmer,no_pre_2014_contract
00-0026644,Josh Vaughan,no_pre_2014_contract
00-0026662,Jamaal Westerman,missing_or_conflicting_source_status;no_pre_2014_contract;release_status_needs_dated_source
00-0026672,Ramon Humber,no_pre_2014_contract
00-0026674,Jacob Lacey,last_observed_before_week17;no_pre_2014_contract;release_status_needs_dated_source
00-0026691,Chris Williams,missing_or_conflicting_source_status;no_pre_2014_contract;release_status_needs_dated_source
00-0026699,Kevin Brock,missing_or_conflicting_source_status;no_pre_2014_contract;release_status_needs_dated_source
00-0026705,C.J. Davis,club_unresolved;missing_or_conflicting_source_status;no_2013_roster_observation;placement_unknown
00-0026714,Nick Sundberg,last_observed_before_week17;no_pre_2014_contract
00-0026715,Garry Williams,last_observed_before_week17;no_pre_2014_contract
00-0026727,Reggie Walker,no_pre_2014_contract
00-0026742,Marcus Benard,no_pre_2014_contract
00-0026757,Kory Sperry,no_pre_2014_contract
00-0026758,C.J. Spillman,no_pre_2014_contract
00-0026780,Kevin Ogletree,missing_or_conflicting_source_status;no_pre_2014_contract;release_status_needs_dated_source
00-0026791,Ronald Talley,no_pre_2014_contract
00-0026796,Arian Foster,last_observed_before_week17
00-0026798,Tim Jamison,no_pre_2014_contract
00-0026832,Jonathan Casillas,last_observed_before_week17
00-0026837,Danny Gorrer,no_pre_2014_contract
00-0026839,Jermey Parnell,ambiguous_same_year_terms
00-0026844,Garrison Sanborn,no_pre_2014_contract
00-0026852,Darrel Young,no_pre_2014_contract
00-0026855,Antone Smith,no_pre_2014_contract
00-0026858,Graham Gano,no_pre_2014_contract
00-0026878,Tom Crabtree,last_observed_before_week17;no_pre_2014_contract
00-0026898,Mark Sanchez,last_observed_before_week17;release_status_needs_dated_source
00-0026905,Henry Melton,last_observed_before_week17
00-0026907,D.J. Moore,last_observed_before_week17;release_status_needs_dated_source
00-0026909,Rich Ohrnberger,no_pre_2014_contract
00-0026914,Brandon Hughes,last_observed_before_week17;no_pre_2014_contract;release_status_needs_dated_source
00-0026926,Frank Summers,no_pre_2014_contract
00-0026929,Andrew Gardner,no_pre_2014_contract
00-0026930,Jarius Wynn,missing_or_conflicting_source_status;no_pre_2014_contract;release_status_needs_dated_source
00-0026931,Bear Pascoe,no_pre_2014_contract
00-0026932,Cedric Peerman,no_pre_2014_contract
00-0026937,Brandon Gibson,last_observed_before_week17
00-0026941,Bernard Scott,missing_or_conflicting_source_status;no_pre_2014_contract;release_status_needs_dated_source
00-0026945,E.J. Biggers,no_pre_2014_contract
00-0026950,A.Q. Shipley,no_pre_2014_contract
00-0026951,Moise Fokou,no_pre_2014_contract
00-0026956,LaRod Stephens-Howling,last_observed_before_week17;no_pre_2014_contract
00-0026957,David Johnson,last_observed_before_week17
00-0026979,Jason Smith,club_unresolved;missing_or_conflicting_source_status;no_2013_roster_observation;placement_unknown
00-0026981,Aaron Curry,club_unresolved;missing_or_conflicting_source_status;no_2013_roster_observation;placement_unknown
00-0026984,Eugene Monroe,missing_or_conflicting_source_status;release_status_needs_dated_source
00-0026991,Brian Cushing,last_observed_before_week17
00-0026992,Larry English,last_observed_before_week17
00-0026993,Josh Freeman,missing_or_conflicting_source_status;release_status_needs_dated_source
00-0026995,Jeremy Maclin,club_unresolved;missing_or_conflicting_source_status;no_2013_roster_observation;placement_unknown
00-0026996,Brandon Pettigrew,last_observed_before_week17
00-0027007,Chris Wells,club_unresolved;missing_or_conflicting_source_status;no_2013_roster_observation;placement_unknown
00-0027012,Brian Robiskie,last_observed_before_week17;no_pre_2014_contract;release_status_needs_dated_source
00-0027015,Eben Britton,no_pre_2014_contract
00-0027019,Everette Brown,no_pre_2014_contract
00-0027020,Pat White,last_observed_before_week17;no_pre_2014_contract;release_status_needs_dated_source
00-0027032,Fili Moala,no_pre_2014_contract
00-0027034,Sebastian Vollmer,last_observed_before_week17
00-0027043,Jason Williams,no_pre_2014_contract
00-0027053,Kraig Urbik,ambiguous_same_year_terms
00-0027055,Roy Miller,last_observed_before_week17
00-0027057,Brandon Tate,no_pre_2014_contract
00-0027062,Christopher Owens,missing_or_conflicting_source_status;no_pre_2014_contract;release_status_needs_dated_source
00-0027065,Corvey Irvin,no_pre_2014_contract
00-0027069,Chase Coffman,no_pre_2014_contract
00-0027074,Kaluka Maiava,last_observed_before_week17
00-0027076,Mike Thomas,club_unresolved;missing_or_conflicting_source_status;no_2013_roster_observation;placement_unknown
00-0027080,Mike Goodson,last_observed_before_week17;no_pre_2014_contract
00-0027082,Vaughn Martin,last_observed_before_week17;no_pre_2014_contract;release_status_needs_dated_source
00-0027083,David Bruton,no_pre_2014_contract
00-0027089,Louis Murphy,no_pre_2014_contract
00-0027092,Austin Collie,no_pre_2014_contract
00-0027093,Tony Fiammetta,no_pre_2014_contract
00-0027101,Colin Brown,last_observed_before_week17;no_pre_2014_contract;release_status_needs_dated_source
00-0027103,Kevin Huber,last_observed_before_week17;missing_otc_id
00-0027106,Quinn Johnson,no_pre_2014_contract
00-0027108,Jasper Brinkley,no_pre_2014_contract
00-0027110,Garrett Reynolds,no_pre_2014_contract
00-0027112,Jamon Meredith,no_pre_2014_contract
00-0027124,Don Carey,no_pre_2014_contract
00-0027125,Zach Miller,club_unresolved;missing_or_conflicting_source_status;no_2013_roster_observation;placement_unknown
00-0027134,Curtis Painter,no_pre_2014_contract
00-0027139,John Phillips,last_observed_before_week17;no_pre_2014_contract
00-0027140,Chris Ogbonnaya,no_pre_2014_contract
00-0027144,Ellis Lankster,no_pre_2014_contract
00-0027145,Pat McAfee,no_pre_2014_contract
00-0027156,Tiquan Underwood,no_pre_2014_contract
00-0027187,Matt Overton,no_pre_2014_contract
00-0027188,Chad Hall,last_observed_before_week17;no_pre_2014_contract;release_status_needs_dated_source
00-0027195,Rafael Bush,no_pre_2014_contract
00-0027202,Michael Palmer,no_pre_2014_contract
00-0027215,Logan Paulsen,no_pre_2014_contract
00-0027224,Jonathan Weeks,no_pre_2014_contract
00-0027236,Kyle Love,missing_or_conflicting_source_status;no_pre_2014_contract;real_jaguars_move_not_applied;release_status_needs_dated_source
00-0027237,Dane Fletcher,no_pre_2014_contract
00-0027239,Da'Mon Cromartie-Smith,last_observed_before_week17;release_status_needs_dated_source
00-0027244,Jeromy Miles,missing_or_conflicting_source_status;no_pre_2014_contract;release_status_needs_dated_source
00-0027247,Mike Windt,no_pre_2014_contract
00-0027248,Jermelle Cudjo,no_pre_2014_contract
00-0027253,Thaddeus Lewis,no_pre_2014_contract
00-0027259,Jake Ballard,no_pre_2014_contract
00-0027263,Nate Collins,last_observed_before_week17;no_pre_2014_contract
00-0027264,Jim Cordle,last_observed_before_week17;no_pre_2014_contract
00-0027265,Victor Cruz,ambiguous_same_year_terms
00-0027290,Cassius Vaughn,no_pre_2014_contract
00-0027309,Lemuel Jeanpierre,no_pre_2014_contract
00-0027321,Jeff Cumberland,no_pre_2014_contract
00-0027322,David Nelson,no_pre_2014_contract
00-0027333,Kevin Matthews,no_pre_2014_contract
00-0027346,Alfonso Smith,no_pre_2014_contract
00-0027349,Stephen Williams,last_observed_before_week17;missing_or_conflicting_source_status;no_pre_2014_contract;real_jaguars_move_not_applied;release_status_needs_dated_source
00-0027350,A.J. Jefferson,last_observed_before_week17;no_pre_2014_contract;release_status_needs_dated_source
00-0027356,Marlon Moore,missing_or_conflicting_source_status;no_pre_2014_contract;release_status_needs_dated_source
00-0027375,Tramaine Brock,ambiguous_same_year_terms
00-0027385,Thomas Austin,last_observed_before_week17;no_pre_2014_contract
00-0027402,Andre Neblett,last_observed_before_week17;no_pre_2014_contract;release_status_needs_dated_source
00-0027417,Phil Costa,no_pre_2014_contract
00-0027421,Bryan McCann,no_pre_2014_contract
00-0027422,Danny McCray,no_pre_2014_contract
00-0027442,Frank Zombo,no_pre_2014_contract
00-0027445,Jeron Mastrud,no_pre_2014_contract
00-0027468,Brandon King,missing_or_conflicting_source_status;no_2013_roster_observation
00-0027469,Jeff Linkenbach,no_pre_2014_contract
00-0027485,Jeff Byers,last_observed_before_week17;no_pre_2014_contract
00-0027495,George Johnson,ambiguous_same_year_terms;last_observed_before_week17;release_status_needs_dated_source
00-0027499,Kyle Bosworth,last_observed_before_week17;no_pre_2014_contract;release_status_needs_dated_source
00-0027503,Josh Gordy,no_pre_2014_contract
00-0027509,Robert Malone,last_observed_before_week17;no_pre_2014_contract;release_status_needs_dated_source
00-0027532,Jay Ross,last_observed_before_week17;no_pre_2014_contract;release_status_needs_dated_source
00-0027555,Clint Gresham,no_pre_2014_contract
00-0027560,Albert McClellan,no_pre_2014_contract
00-0027567,Steve Maneri,last_observed_before_week17;no_pre_2014_contract;release_status_needs_dated_source
00-0027581,Seyi Ajirotutu,no_pre_2014_contract
00-0027583,Richie Brockel,no_pre_2014_contract
00-0027595,Bryan Walters,no_pre_2014_contract
00-0027597,Kion Wilson,last_observed_before_week17;no_pre_2014_contract
00-0027606,Trindon Holliday,no_pre_2014_contract
00-0027607,Ted Larsen,no_pre_2014_contract
00-0027608,Kyle Williams,last_observed_before_week17;missing_or_conflicting_source_status;release_status_needs_dated_source
00-0027616,Andy Tanner,last_observed_before_week17;no_pre_2014_contract
00-0027628,Brian Sanford,missing_or_conflicting_source_status;no_pre_2014_contract;release_status_needs_dated_source
00-0027649,Chris Cook,no_pre_2014_contract
00-0027650,Brian Price,club_unresolved;missing_or_conflicting_source_status;no_2013_roster_observation;placement_unknown
00-0027656,Rob Gronkowski,last_observed_before_week17
00-0027660,Javier Arenas,no_pre_2014_contract
00-0027661,Jermaine Cunningham,missing_or_conflicting_source_status;no_pre_2014_contract;release_status_needs_dated_source
00-0027665,Terrence Cody,no_pre_2014_contract
00-0027667,Vladimir Ducasse,no_pre_2014_contract
00-0027669,Charles Brown,no_pre_2014_contract
00-0027670,Jerome Murphy,last_observed_before_week17;no_pre_2014_contract;release_status_needs_dated_source
00-0027677,Alex Carrington,last_observed_before_week17;no_pre_2014_contract
00-0027679,D'Anthony Smith,last_observed_before_week17;missing_or_conflicting_source_status;release_status_needs_dated_source
00-0027680,Major Wright,no_pre_2014_contract
00-0027683,J.D. Walton,missing_or_conflicting_source_status;release_status_needs_dated_source
00-0027686,Corey Peters,last_observed_before_week17
00-0027688,Colt McCoy,no_matching_club_contract
00-0027689,Daniel Te'o-Nesheim,no_pre_2014_contract
00-0027692,Armanti Edwards,last_observed_before_week17;missing_or_conflicting_source_status;no_pre_2014_contract;release_status_needs_dated_source
00-0027695,Tony Moeaki,missing_or_conflicting_source_status;no_pre_2014_contract;release_status_needs_dated_source
00-0027697,Brandon Ghee,no_pre_2014_contract
00-0027702,Mike Williams,last_observed_before_week17
00-0027703,Darryl Sharpton,no_pre_2014_contract
00-0027708,Marcus Easley,no_pre_2014_contract
00-0027709,Jacoby Ford,no_pre_2014_contract
00-0027710,Darrell Stuckey,no_pre_2014_contract
00-0027718,Garrett Graham,last_observed_before_week17
00-0027720,Geno Atkins,last_observed_before_week17
00-0027723,Al Woods,ambiguous_same_year_terms
00-0027725,Clay Harbor,no_pre_2014_contract;real_jaguars_move_not_applied
00-0027726,Akwasi Owusu-Ansah,no_pre_2014_contract
00-0027728,Jason Fox,no_pre_2014_contract
00-0027729,Jacques McClendon,no_pre_2014_contract;real_jaguars_move_not_applied
00-0027730,O'Brien Schofield,no_pre_2014_contract
00-0027732,Michael Hoomanawanui,no_pre_2014_contract
00-0027734,Ricky Sapp,missing_or_conflicting_source_status;no_pre_2014_contract;release_status_needs_dated_source
00-0027735,Dominique Franks,no_pre_2014_contract
00-0027736,Kendrick Lewis,no_pre_2014_contract
00-0027737,Perrish Cox,missing_or_conflicting_source_status;release_status_needs_dated_source
00-0027739,John Conner,no_pre_2014_contract
00-0027743,Sherrick McManis,no_pre_2014_contract
00-0027749,Zoltan Mesko,missing_or_conflicting_source_status;no_pre_2014_contract;release_status_needs_dated_source
00-0027750,Chris Scott,no_pre_2014_contract
00-0027752,Austen Lane,branch_claimant_unknown;last_observed_before_week17;no_pre_2014_contract;release_status_needs_dated_source
00-0027753,Andrew Quarless,no_pre_2014_contract
00-0027754,John Skelton,last_observed_before_week17;missing_or_conflicting_source_status;no_pre_2014_contract;release_status_needs_dated_source
00-0027755,David Reed,last_observed_before_week17;no_pre_2014_contract;release_status_needs_dated_source
00-0027759,Larry Asante,last_observed_before_week17;no_pre_2014_contract;release_status_needs_dated_source
00-0027763,Crezdon Butler,no_pre_2014_contract
00-0027765,Stevenson Sylvester,no_pre_2014_contract
00-0027768,Marshall Newhouse,no_pre_2014_contract
00-0027770,Shann Schillinger,last_observed_before_week17;missing_or_conflicting_source_status;no_pre_2014_contract;release_status_needs_dated_source
00-0027772,Anthony Dixon,no_pre_2014_contract
00-0027775,Rusty Smith,no_pre_2014_contract
00-0027778,Sam Young,missing_or_conflicting_source_status;no_pre_2014_contract;real_jaguars_move_not_applied;release_status_needs_dated_source
00-0027779,Deji Karim,last_observed_before_week17;no_pre_2014_contract
00-0027780,Nate Byham,last_observed_before_week17;no_pre_2014_contract
00-0027781,Eric Olsen,missing_or_conflicting_source_status;no_pre_2014_contract;release_status_needs_dated_source
00-0027784,Clifton Geathers,no_pre_2014_contract
00-0027786,Jonathan Dwyer,no_pre_2014_contract
00-0027799,Jordan Pugh,missing_or_conflicting_source_status;no_pre_2014_contract;release_status_needs_dated_source
00-0027803,Thomas Welch,no_pre_2014_contract
00-0027807,Chris McCoy,last_observed_before_week17;missing_or_conflicting_source_status;no_pre_2014_contract;real_jaguars_move_not_applied;release_status_needs_dated_source
00-0027814,Jamar Chaney,last_observed_before_week17;no_pre_2014_contract;release_status_needs_dated_source
00-0027817,R.J. Stanford,last_observed_before_week17;no_pre_2014_contract
00-0027818,George Selvie,no_pre_2014_contract
00-0027819,Dorin Dickerson,last_observed_before_week17;no_pre_2014_contract
00-0027825,Jim Dray,no_pre_2014_contract
00-0027826,Sean Lissemore,no_matching_club_contract
00-0027829,Ricardo Mathews,no_pre_2014_contract
00-0027831,Kavell Conner,no_pre_2014_contract
00-0027838,Brandon Deaderick,last_observed_before_week17;no_pre_2014_contract;real_jaguars_move_not_applied
00-0027840,Robert McClain,no_pre_2014_contract
00-0027842,Stevie Brown,club_unresolved;missing_or_conflicting_source_status;no_2013_roster_observation;placement_unknown
00-0027843,Austin Spitler,no_pre_2014_contract
00-0027844,Erik Lorig,no_pre_2014_contract
00-0027845,Josh Hull,no_pre_2014_contract
00-0027853,Teddy Williams,last_observed_before_week17;no_pre_2014_contract
00-0027854,Sam Bradford,last_observed_before_week17
00-0027870,Maurkice Pouncey,last_observed_before_week17
00-0027875,Bryan Bulaga,club_unresolved;missing_or_conflicting_source_status;no_2013_roster_observation;placement_unknown
00-0027882,Patrick Robinson,last_observed_before_week17
00-0027887,Taylor Mays,last_observed_before_week17;no_pre_2014_contract
00-0027890,Ben Tate,last_observed_before_week17;no_pre_2014_contract
00-0027891,Golden Tate,no_pre_2014_contract
00-0027892,Pat Angerer,last_observed_before_week17;missing_otc_id
00-0027893,Damian Williams,no_pre_2014_contract
00-0027904,Rolando McClain,club_unresolved;missing_or_conflicting_source_status;no_2013_roster_observation;placement_unknown
00-0027905,Will Tukuafu,no_pre_2014_contract
00-0027914,Andrew Sendejo,ambiguous_same_year_terms
00-0027915,Isaiah Trufant,no_pre_2014_contract
00-0027917,Tyler Clutts,missing_or_conflicting_source_status;no_pre_2014_contract;release_status_needs_dated_source
00-0027925,James Develin,no_pre_2014_contract
00-0027940,Von Miller,last_observed_before_week17
00-0027944,Julio Jones,last_observed_before_week17
00-0027946,Jake Locker,last_observed_before_week17
00-0027948,Blaine Gabbert,branch_contract_review
00-0027971,Ras-I Dowling,club_unresolved;missing_or_conflicting_source_status;no_2013_roster_observation;placement_unknown
00-0027972,Aaron Williams,last_observed_before_week17
00-0027981,Kyle Rudolph,last_observed_before_week17
00-0027982,Titus Young,club_unresolved;missing_or_conflicting_source_status;no_2013_roster_observation;placement_unknown
00-0027983,Rahim Moore,last_observed_before_week17;release_status_needs_dated_source
00-0027989,Da'Quan Bowers,last_observed_before_week17
00-0027990,Marvin Austin,last_observed_before_week17;missing_or_conflicting_source_status;release_status_needs_dated_source
00-0027999,Jonas Mouton,club_unresolved;missing_or_conflicting_source_status;no_2013_roster_observation;placement_unknown
00-0028010,Martez Wilson,missing_or_conflicting_source_status;no_matching_club_contract;release_status_needs_dated_source
00-0028013,John Moffitt,last_observed_before_week17;release_status_needs_dated_source
00-0028014,Will Rackley,last_observed_before_week17
00-0028017,Leonard Hankerson,last_observed_before_week17
00-0028018,Chris Culliver,club_unresolved;missing_or_conflicting_source_status;no_2013_roster_observation;placement_unknown
00-0028019,DeMarcus Van Dyke,last_observed_before_week17;release_status_needs_dated_source
00-0028025,Drake Nevis,missing_or_conflicting_source_status;real_jaguars_move_not_applied;release_status_needs_dated_source
00-0028026,Johnny Patrick,last_observed_before_week17;no_matching_club_contract
00-0028028,Curtis Marsh,missing_or_conflicting_source_status;release_status_needs_dated_source
00-0028030,Joe Barksdale,no_matching_club_contract
00-0028033,Curtis Brown,last_observed_before_week17
00-0028035,Sione Fua,missing_or_conflicting_source_status;release_status_needs_dated_source
00-0028036,Brandon Hogan,club_unresolved;missing_or_conflicting_source_status;no_2013_roster_observation;placement_unknown
00-0028039,Clint Boling,last_observed_before_week17
00-0028041,Sam Acho,last_observed_before_week17
00-0028042,Luke Stocker,last_observed_before_week17
00-0028044,Christian Ballard,club_unresolved;missing_or_conflicting_source_status;no_2013_roster_observation;placement_unknown
00-0028046,Quinton Carter,club_unresolved;missing_or_conflicting_source_status;no_2013_roster_observation;placement_unknown
00-0028048,David Arkin,missing_or_conflicting_source_status;release_status_needs_dated_source
00-0028049,Edmond Gates,last_observed_before_week17;no_matching_club_contract
00-0028050,Greg Salas,missing_or_conflicting_source_status;release_status_needs_dated_source
00-0028052,Cecil Shorts,last_observed_before_week17
00-0028056,Jalil Brown,missing_or_conflicting_source_status;release_status_needs_dated_source
00-0028057,Delone Carter,real_jaguars_move_not_applied
00-0028060,Chris Hairston,club_unresolved;missing_or_conflicting_source_status;no_2013_roster_observation;placement_unknown
00-0028062,Owen Marecic,last_observed_before_week17;release_status_needs_dated_source
00-0028065,Rashad Carmichael,missing_or_conflicting_source_status;release_status_needs_dated_source
00-0028068,Jamie Harper,club_unresolved;missing_or_conflicting_source_status;no_2013_roster_observation;placement_unknown
00-0028070,Kealoha Pilares,club_unresolved;missing_or_conflicting_source_status;no_2013_roster_observation;placement_unknown
00-0028071,Johnny White,club_unresolved;missing_or_conflicting_source_status;no_2013_roster_observation;placement_unknown
00-0028072,Robert Sands,club_unresolved;missing_or_conflicting_source_status;no_2013_roster_observation;placement_unknown
00-0028073,Ricky Stanzi,real_jaguars_move_not_applied
00-0028077,Brandon Burton,last_observed_before_week17;release_status_needs_dated_source
00-0028078,Gabe Miller,club_unresolved;missing_or_conflicting_source_status;no_2013_roster_observation;placement_unknown
00-0028079,D.J. Williams,missing_or_conflicting_source_status;release_status_needs_dated_source
00-0028082,Shiloh Keo,ambiguous_same_year_terms
00-0028084,DeJon Gomes,stale_contract
00-0028085,Rod Issac,club_unresolved;missing_or_conflicting_source_status;no_2013_roster_observation;placement_unknown
00-0028087,Dion Lewis,club_unresolved;missing_or_conflicting_source_status;no_2013_roster_observation;placement_unknown
00-0028089,Ahmad Black,ambiguous_same_year_terms;last_observed_before_week17;release_status_needs_dated_source
00-0028094,Mark LeGree,club_unresolved;missing_or_conflicting_source_status;no_2013_roster_observation;placement_unknown
00-0028095,Doug Hogue,club_unresolved;missing_or_conflicting_source_status;no_2013_roster_observation;placement_unknown
00-0028096,Jermale Hines,club_unresolved;missing_or_conflicting_source_status;no_2013_roster_observation;placement_unknown
00-0028098,Nathan Enderle,club_unresolved;missing_or_conflicting_source_status;no_2013_roster_observation;placement_unknown
00-0028104,Lawrence Wilson,club_unresolved;missing_or_conflicting_source_status;no_2013_roster_observation;placement_unknown
00-0028106,DeMarcus Love,ambiguous_same_year_terms;last_observed_before_week17;missing_or_conflicting_source_status;real_jaguars_move_not_applied;release_status_needs_dated_source
00-0028109,Quan Sturdivant,club_unresolved;missing_or_conflicting_source_status;no_2013_roster_observation;placement_unknown
00-0028114,Dwayne Harris,ambiguous_same_year_terms
00-0028115,Evan Royster,ambiguous_same_year_terms;last_observed_before_week17
00-0028116,Aldrick Robinson,ambiguous_same_year_terms
00-0028119,Richard Gordon,missing_or_conflicting_source_status;release_status_needs_dated_source
00-0028120,Ronald Johnson,club_unresolved;missing_or_conflicting_source_status;no_2013_roster_observation;placement_unknown
00-0028121,Jordan Todman,real_jaguars_move_not_applied
00-0028122,David Carter,last_observed_before_week17;release_status_needs_dated_source
00-0028123,Greg K. Jones,club_unresolved;missing_or_conflicting_source_status;no_2013_roster_observation;placement_unknown
00-0028124,D.J. Smith,last_observed_before_week17;release_status_needs_dated_source
00-0028125,Allen Bradford,missing_or_conflicting_source_status;release_status_needs_dated_source
00-0028126,Chris Rucker,club_unresolved;missing_or_conflicting_source_status;no_2013_roster_observation;placement_unknown
00-0028127,Mike Mohamed,ambiguous_same_year_terms
00-0028131,Brian Rolle,club_unresolved;missing_or_conflicting_source_status;no_2013_roster_observation;placement_unknown
00-0028132,Markell Carter,club_unresolved;missing_or_conflicting_source_status;no_2013_roster_observation;placement_unknown
00-0028133,J.T. Thomas,real_jaguars_move_not_applied
00-0028134,Keith Williams,club_unresolved;missing_or_conflicting_source_status;no_2013_roster_observation;placement_unknown
00-0028135,Ricky Elmore,club_unresolved;missing_or_conflicting_source_status;no_2013_roster_observation;placement_unknown
00-0028136,Tyler Sash,club_unresolved;missing_or_conflicting_source_status;no_2013_roster_observation;placement_unknown
00-0028141,Zack Williams,club_unresolved;missing_or_conflicting_source_status;no_2013_roster_observation;placement_unknown
00-0028143,Lazarius Levingston,club_unresolved;missing_or_conflicting_source_status;no_2013_roster_observation;placement_unknown
00-0028144,Justin Rogers,last_observed_before_week17;missing_or_conflicting_source_status;release_status_needs_dated_source
00-0028145,Korey Lindsey,club_unresolved;missing_or_conflicting_source_status;no_2013_roster_observation;placement_unknown
00-0028146,Greg McElroy,club_unresolved;missing_or_conflicting_source_status;no_2013_roster_observation;placement_unknown
00-0028147,Johnny Culbreath,club_unresolved;missing_or_conflicting_source_status;no_2013_roster_observation;placement_unknown
00-0028149,Bruce Miller,last_observed_before_week17
00-0028150,Zach Clayton,club_unresolved;missing_or_conflicting_source_status;no_2013_roster_observation;placement_unknown
00-0028151,Brandyn Thompson,club_unresolved;missing_or_conflicting_source_status;no_2013_roster_observation;placement_unknown
00-0028153,D'Aundre Reed,club_unresolved;missing_or_conflicting_source_status;no_2013_roster_observation;placement_unknown
00-0028154,Mikail Baker,club_unresolved;missing_or_conflicting_source_status;no_2013_roster_observation;placement_unknown
00-0028155,Maurice Hurt,club_unresolved;missing_or_conflicting_source_status;no_2013_roster_observation;placement_unknown
00-0028157,Malcolm Williams,club_unresolved;missing_or_conflicting_source_status;no_2013_roster_observation;placement_unknown
00-0028158,Shaun Chapas,club_unresolved;missing_or_conflicting_source_status;no_2013_roster_observation;placement_unknown
00-0028159,Da'Rel Scott,last_observed_before_week17
00-0028160,Anthony Gaitor,club_unresolved;missing_or_conflicting_source_status;no_2013_roster_observation;placement_unknown
00-0028161,Shane Bannon,club_unresolved;missing_or_conflicting_source_status;no_2013_roster_observation;placement_unknown
00-0028162,Markus White,club_unresolved;missing_or_conflicting_source_status;no_2013_roster_observation;placement_unknown
00-0028163,Anthony Allen,club_unresolved;missing_or_conflicting_source_status;no_2013_roster_observation;placement_unknown
00-0028164,Greg Romeus,club_unresolved;missing_or_conflicting_source_status;no_2013_roster_observation;placement_unknown
00-0028165,Scotty McKnight,club_unresolved;missing_or_conflicting_source_status;no_2013_roster_observation;placement_unknown
00-0028166,Jabara Williams,club_unresolved;missing_or_conflicting_source_status;no_2013_roster_observation;placement_unknown
00-0028167,Jonathan Nelson,club_unresolved;missing_or_conflicting_source_status;no_2013_roster_observation;placement_unknown
00-0028169,Frank Kearse,missing_or_conflicting_source_status;release_status_needs_dated_source
00-0028170,Baron Batch,club_unresolved;missing_or_conflicting_source_status;no_2013_roster_observation;placement_unknown
00-0028171,Lawrence Guy,missing_or_conflicting_source_status;no_matching_club_contract;release_status_needs_dated_source
00-0028174,Stephen Burton,last_observed_before_week17;real_jaguars_move_not_applied
00-0028175,Greg Lloyd,club_unresolved;missing_or_conflicting_source_status;no_2013_roster_observation;placement_unknown
00-0028176,Daniel Hardy,club_unresolved;missing_or_conflicting_source_status;no_2013_roster_observation;placement_unknown
00-0028177,Mike Person,missing_or_conflicting_source_status;no_matching_club_contract;release_status_needs_dated_source
00-0028179,David Ausberry,last_observed_before_week17
00-0028181,Nate Bussey,club_unresolved;missing_or_conflicting_source_status;no_2013_roster_observation;placement_unknown
00-0028182,Lee Ziemba,club_unresolved;missing_or_conflicting_source_status;no_2013_roster_observation;placement_unknown
00-0028183,Michael Jasper,club_unresolved;missing_or_conflicting_source_status;no_2013_roster_observation;placement_unknown
00-0028184,Jay Finley,club_unresolved;missing_or_conflicting_source_status;no_2013_roster_observation;placement_unknown
00-0028185,Jeremy Beal,club_unresolved;missing_or_conflicting_source_status;no_2013_roster_observation;placement_unknown
00-0028186,Eric Hagg,club_unresolved;missing_or_conflicting_source_status;no_2013_roster_observation;placement_unknown
00-0028187,DeMarco Sampson,club_unresolved;missing_or_conflicting_source_status;no_2013_roster_observation;placement_unknown
00-0028189,Tommie Campbell,last_observed_before_week17
00-0028190,Bill Nagy,club_unresolved;missing_or_conflicting_source_status;no_2013_roster_observation;placement_unknown
00-0028192,Cheta Ozougwu,ambiguous_same_year_terms
00-0028198,Matt Asiata,no_pre_2014_contract
00-0028201,Willie Smith,missing_or_conflicting_source_status;no_matching_club_contract;release_status_needs_dated_source
00-0028202,Shaun Draughn,last_observed_before_week17;no_pre_2014_contract;release_status_needs_dated_source
00-0028211,Mario Harvey,last_observed_before_week17;no_pre_2014_contract
00-0028237,Chris Hogan,ambiguous_same_year_terms
00-0028238,Konrad Reuland,last_observed_before_week17;no_pre_2014_contract
00-0028240,Kenny Wiggins,ambiguous_same_year_terms
00-0028241,Ian Williams,last_observed_before_week17;no_pre_2014_contract
00-0028249,Jeremy Ross,missing_or_conflicting_source_status;no_pre_2014_contract;release_status_needs_dated_source
00-0028251,Jeff Tarpinian,missing_or_conflicting_source_status;no_matching_club_contract;release_status_needs_dated_source
00-0028253,Will Yeatman,last_observed_before_week17;no_pre_2014_contract
00-0028256,Sealver Siliga,missing_or_conflicting_source_status;no_pre_2014_contract;release_status_needs_dated_source
00-0028260,Larry Dean,no_pre_2014_contract
00-0028263,Andre Holmes,no_matching_club_contract
00-0028270,Weslye Saunders,no_matching_club_contract
00-0028286,Josh Victorian,no_pre_2014_contract
00-0028288,LaQuan Williams,last_observed_before_week17;no_matching_club_contract;release_status_needs_dated_source
00-0028292,Nick Bellore,no_pre_2014_contract
00-0028293,Michael Campbell,last_observed_before_week17;no_pre_2014_contract
00-0028307,D.J. Davis,no_pre_2014_contract
00-0028309,Christian Yount,no_pre_2014_contract
00-0028334,Darrin Walls,no_matching_club_contract
00-0028337,Kyle Adams,missing_or_conflicting_source_status;no_matching_club_contract;release_status_needs_dated_source
00-0028344,Dom DeCicco,club_unresolved;missing_or_conflicting_source_status;no_2013_roster_observation;placement_unknown
00-0028345,Robert Hughes,last_observed_before_week17;missing_or_conflicting_source_status;no_pre_2014_contract;release_status_needs_dated_source
00-0028347,Spencer Lanning,no_pre_2014_contract
00-0028349,Jordan Miller,ambiguous_same_year_terms;missing_or_conflicting_source_status;real_jaguars_move_not_applied;release_status_needs_dated_source
00-0028352,Dane Sanzenbacher,no_matching_club_contract
00-0028353,Andre Smith,missing_or_conflicting_source_status;release_status_needs_dated_source
00-0028357,Anthony Walters,no_pre_2014_contract
00-0028359,McLeod Bethel-Thompson,last_observed_before_week17;missing_or_conflicting_source_status;no_pre_2014_contract;release_status_needs_dated_source
00-0028362,Michael Preston,no_pre_2014_contract
00-0028368,Spencer Paysinger,no_pre_2014_contract
00-0028374,Kyle Nelson,no_pre_2014_contract
00-0028381,Julian Posey,no_pre_2014_contract
00-0028410,T.J. Heath,club_unresolved;missing_or_conflicting_source_status;no_2013_roster_observation;placement_unknown
00-0028411,Dontrelle Inman,club_unresolved;missing_or_conflicting_source_status;no_2013_roster_observation;placement_unknown
00-0028416,Richard Murphy,missing_or_conflicting_source_status;no_2013_roster_observation
00-0028420,Kevin Rutland,missing_or_conflicting_source_status;no_2013_roster_observation
00-0028424,Cedric Thornton,ambiguous_same_year_terms
00-0028441,Jeron Johnson,last_observed_before_week17;no_pre_2014_contract
00-0028442,Ricardo Lockette,missing_or_conflicting_source_status;no_pre_2014_contract;release_status_needs_dated_source
00-0028443,Michael Morgan,no_pre_2014_contract
00-0028453,Pat Devlin,no_pre_2014_contract
00-0028454,Jonathan Freeny,no_pre_2014_contract
00-0028479,Demarcus Dobbs,no_pre_2014_contract
00-0028492,Henry Hynoski,last_observed_before_week17;no_pre_2014_contract
00-0028495,Justin Trattou,missing_or_conflicting_source_status;no_matching_club_contract;release_status_needs_dated_source
00-0028496,Danny Aiken,no_pre_2014_contract
00-0028497,Kamar Aiken,club_unresolved;missing_or_conflicting_source_status;no_2013_roster_observation;placement_unknown
00-0028536,Bryan Braman,no_pre_2014_contract
00-0028542,Lestar Jean,no_pre_2014_contract
00-0028543,Jeff Maehl,no_pre_2014_contract
00-0028550,Colin Cochart,club_unresolved;missing_or_conflicting_source_status;no_2013_roster_observation;placement_unknown
00-0028564,Isa Abdul-Quddus,release_status_needs_dated_source
00-0028570,Taylor Boggs,no_pre_2014_contract
00-0028574,Mossis Madu,club_unresolved;missing_or_conflicting_source_status;no_2013_roster_observation;placement_unknown
00-0028581,Patrick DiMarco,ambiguous_same_year_terms
00-0028582,Darryl Gamble,club_unresolved;missing_or_conflicting_source_status;no_2013_roster_observation;placement_unknown
00-0028595,Scott Tolzien,no_pre_2014_contract
00-0028596,Tori Gurley,last_observed_before_week17;no_pre_2014_contract
00-0028598,M.D. Jennings,no_pre_2014_contract
00-0028600,Jamari Lattimore,no_pre_2014_contract
00-0028601,Brandian Ross,no_pre_2014_contract
00-0028602,Brandon Saine,club_unresolved;missing_or_conflicting_source_status;no_2013_roster_observation;placement_unknown
00-0028605,Vic So'oto,last_observed_before_week17;missing_or_conflicting_source_status;no_matching_club_contract;release_status_needs_dated_source
00-0028606,Kerry Taylor,missing_or_conflicting_source_status;no_pre_2014_contract;real_jaguars_move_not_applied;release_status_needs_dated_source
00-0028613,Phillip Tanner,no_pre_2014_contract
00-0028614,Alex Albright,club_unresolved;missing_or_conflicting_source_status;no_2013_roster_observation;placement_unknown
00-0028620,Mark Herzlich,no_pre_2014_contract
00-0028650,Joe Young,last_observed_before_week17;no_pre_2014_contract;release_status_needs_dated_source
00-0028651,Mike McNeill,no_matching_club_contract
00-0028656,Chad Spann,no_pre_2014_contract
00-0028660,Dan Bailey,no_pre_2014_contract
00-0028664,Chris Jones,no_pre_2014_contract
00-0028665,Kevin Kowalski,club_unresolved;missing_or_conflicting_source_status;no_2013_roster_observation;placement_unknown
00-0028666,Orie Lemon,missing_or_conflicting_source_status;no_pre_2014_contract;release_status_needs_dated_source
00-0028679,Victor Aiyewa,no_pre_2014_contract
00-0028694,James Dockery,last_observed_before_week17;no_matching_club_contract
00-0028698,Ben Jacobs,last_observed_before_week17;no_pre_2014_contract
00-0028706,Armond Smith,last_observed_before_week17;no_pre_2014_contract;release_status_needs_dated_source
00-0028707,Corbin Bryant,no_pre_2014_contract
00-0028722,Ricky Lumpkin,no_pre_2014_contract
00-0028742,Thomas Keiser,no_matching_club_contract
00-0028750,Brandon Smith,no_pre_2014_contract
00-0028767,Sterling Moore,no_pre_2014_contract
00-0028787,Kai Forbath,no_pre_2014_contract
00-0028792,Kevin Cone,no_pre_2014_contract
00-0028795,Chase Reynolds,no_pre_2014_contract
00-0028825,Terrelle Pryor,no_pre_2014_contract
00-0028830,Isaako Aaitui,last_observed_before_week17;no_pre_2014_contract
00-0028835,Marshall McFadden,no_pre_2014_contract
00-0028836,Michael Wilhoite,no_pre_2014_contract
00-0028838,Larry Donnell,no_pre_2014_contract
00-0028841,Will Johnson,no_pre_2014_contract
00-0028845,Josh Harris,no_pre_2014_contract
00-0028862,Bryce Harris,no_pre_2014_contract
00-0028863,Dominique Davis,no_pre_2014_contract
00-0028870,Quinton Pointer,stale_contract
00-0028871,Matt Daniels,last_observed_before_week17;no_pre_2014_contract
00-0028872,Johnny Hekker,no_pre_2014_contract
00-0028875,Matthew Masifilo,no_pre_2014_contract
00-0028876,Collin Mooney,last_observed_before_week17;no_pre_2014_contract
00-0028878,Matt Conrath,no_pre_2014_contract
00-0028895,Delano Howell,last_observed_before_week17;no_pre_2014_contract
00-0028897,Shawn Powell,missing_or_conflicting_source_status;no_pre_2014_contract;release_status_needs_dated_source
00-0028905,Chris Owusu,no_pre_2014_contract
00-0028908,Michael Thomas,missing_or_conflicting_source_status;release_status_needs_dated_source
00-0028930,Josh Cooper,no_pre_2014_contract
00-0028941,Jerry Franklin,no_pre_2014_contract
00-0028942,Duke Ihenacho,stale_contract
00-0028952,Drew Butler,club_unresolved;missing_or_conflicting_source_status;no_2013_roster_observation;placement_unknown
00-0028954,Robert Golden,no_pre_2014_contract
00-0028957,Austin Davis,missing_or_conflicting_source_status;release_status_needs_dated_source
00-0028958,Cory Harkey,no_pre_2014_contract
00-0028970,Chase Minnifield,no_pre_2014_contract
00-0028974,Lance Lewis,last_observed_before_week17;missing_or_conflicting_source_status;no_pre_2014_contract;release_status_needs_dated_source
00-0028978,Adrian Robinson,missing_or_conflicting_source_status;no_matching_club_contract;release_status_needs_dated_source
00-0028983,Kevin Murphy,last_observed_before_week17;no_pre_2014_contract
00-0028984,Brian Tyms,missing_or_conflicting_source_status;no_pre_2014_contract;release_status_needs_dated_source
00-0028987,Phillip Supernaw,no_pre_2014_contract
00-0028994,Dominique Jones,last_observed_before_week17;missing_or_conflicting_source_status;no_pre_2014_contract;release_status_needs_dated_source
00-0028995,Stephen Hill,last_observed_before_week17
00-0028996,Richard Crawford,club_unresolved;missing_or_conflicting_source_status;no_2013_roster_observation;placement_unknown
00-0028997,Jordan Morris,club_unresolved;missing_or_conflicting_source_status;no_2013_roster_observation;placement_unknown
00-0029004,Lance Dunbar,last_observed_before_week17;no_pre_2014_contract
00-0029005,Harland Gunn,no_pre_2014_contract
00-0029006,Saalim Hakim,missing_or_conflicting_source_status;no_pre_2014_contract;release_status_needs_dated_source
00-0029010,Ronald Leary,ambiguous_same_year_terms
00-0029030,Micah Pellerin,missing_or_conflicting_source_status;no_pre_2014_contract;release_status_needs_dated_source
00-0029033,Griff Whalen,no_pre_2014_contract
00-0029038,Marcus Dowtin,missing_or_conflicting_source_status;no_pre_2014_contract;release_status_needs_dated_source
00-0029048,Joe Banyard,no_pre_2014_contract
00-0029051,Jarrett Boykin,no_pre_2014_contract
00-0029052,Mike Brewster,last_observed_before_week17
00-0029058,Drew Nowak,no_pre_2014_contract;real_jaguars_move_not_applied
00-0029060,J.K. Schaffer,no_pre_2014_contract
00-0029063,Matt Veldman,missing_or_conflicting_source_status;no_pre_2014_contract;release_status_needs_dated_source
00-0029066,Trevor Robinson,no_pre_2014_contract
00-0029067,Chase Baker,no_pre_2014_contract
00-0029068,Derrick Coleman,no_pre_2014_contract
00-0029080,Darrion Weems,no_pre_2014_contract
00-0029087,Leonard Johnson,no_pre_2014_contract
00-0029091,Bradley Sowell,no_pre_2014_contract
00-0029098,Eric Page,no_pre_2014_contract
00-0029107,Kelcie McCray,missing_or_conflicting_source_status;no_pre_2014_contract;release_status_needs_dated_source
00-0029108,Derek Moye,no_pre_2014_contract
00-0029118,Kaelin Burnett,no_pre_2014_contract
00-0029119,Derek Carrier,no_pre_2014_contract
00-0029123,Marquette King,no_pre_2014_contract
00-0029127,Lucas Nix,no_pre_2014_contract
00-0029130,Dezman Moses,no_pre_2014_contract
00-0029134,Beau Brinkley,no_pre_2014_contract
00-0029135,Joe Long,missing_or_conflicting_source_status;no_pre_2014_contract;release_status_needs_dated_source
00-0029140,Chris Rainey,last_observed_before_week17
00-0029142,Winston Guy,real_jaguars_move_not_applied
00-0029144,Tom Compton,ambiguous_same_year_terms
00-0029145,Michael Smith,club_unresolved;missing_or_conflicting_source_status;no_2013_roster_observation;placement_unknown
00-0029147,Drake Dunsmore,club_unresolved;missing_or_conflicting_source_status;no_2013_roster_observation;placement_unknown
00-0029148,Sammy Brown,no_pre_2014_contract
00-0029151,Matt Simms,no_pre_2014_contract
00-0029159,Jermaine Kearse,ambiguous_same_year_terms
00-0029164,Mike Remmers,missing_or_conflicting_source_status;release_status_needs_dated_source
00-0029165,Tony Jerod-Eddie,no_pre_2014_contract
00-0029166,David Snow,no_matching_club_contract
00-0029168,Brian Folkerts,no_pre_2014_contract
00-0029170,Jose Gumbs,no_pre_2014_contract
00-0029175,Jake Byrne,missing_or_conflicting_source_status;no_matching_club_contract;release_status_needs_dated_source
00-0029177,Sean Baker,no_pre_2014_contract
00-0029183,Danny Noble,missing_or_conflicting_source_status;no_pre_2014_contract;real_jaguars_move_not_applied;release_status_needs_dated_source
00-0029187,Don Barclay,no_pre_2014_contract
00-0029191,DeShawn Shead,no_pre_2014_contract
00-0029203,David Molk,club_unresolved;missing_or_conflicting_source_status;no_2013_roster_observation;placement_unknown
00-0029204,Toney Clemons,missing_or_conflicting_source_status;no_2013_roster_observation
00-0029205,Travaris Cadet,no_pre_2014_contract
00-0029209,Ryan Broyles,last_observed_before_week17
00-0029210,Ronnell Lewis,club_unresolved;missing_or_conflicting_source_status;no_2013_roster_observation;placement_unknown
00-0029211,Jerron McMillian,last_observed_before_week17;release_status_needs_dated_source
00-0029213,Chris Greenwood,missing_or_conflicting_source_status;release_status_needs_dated_source
00-0029214,Shaun Prater,missing_or_conflicting_source_status;release_status_needs_dated_source
00-0029217,Travis Lewis,last_observed_before_week17
00-0029219,B.J. Coleman,club_unresolved;missing_or_conflicting_source_status;no_2013_roster_observation;placement_unknown
00-0029220,Terrence Frederick,missing_or_conflicting_source_status;release_status_needs_dated_source
00-0029221,Rodney Austin,no_pre_2014_contract
00-0029227,Patrick Edwards,last_observed_before_week17;no_pre_2014_contract
00-0029234,Kellen Moore,no_pre_2014_contract
00-0029239,Brandon Bolden,no_pre_2014_contract
00-0029240,Marcus Forston,last_observed_before_week17;no_pre_2014_contract
00-0029251,David Wilson,last_observed_before_week17
00-0029254,Amini Silatolu,last_observed_before_week17
00-0029259,Kelechi Osemele,last_observed_before_week17
00-0029261,Casey Hayward,last_observed_before_week17
00-0029269,Travis Benjamin,last_observed_before_week17
00-0029271,Joe Adams,club_unresolved;missing_or_conflicting_source_status;no_2013_roster_observation;placement_unknown
00-0029274,Devon Wylie,ambiguous_same_year_terms;last_observed_before_week17;missing_or_conflicting_source_status;release_status_needs_dated_source
00-0029282,Christian Thompson,club_unresolved;missing_or_conflicting_source_status;no_2013_roster_observation;placement_unknown
00-0029286,Zebrie Sanders,club_unresolved;missing_or_conflicting_source_status;no_2013_roster_observation;placement_unknown
00-0029289,Korey Toomer,club_unresolved;missing_or_conflicting_source_status;no_2013_roster_observation;placement_unknown
00-0029290,Ryan Miller,club_unresolved;missing_or_conflicting_source_status;no_2013_roster_observation;placement_unknown
00-0029291,Terrell Manning,last_observed_before_week17
00-0029292,Darius Fleming,club_unresolved;missing_or_conflicting_source_status;no_2013_roster_observation;placement_unknown
00-0029297,Trenton Robinson,missing_or_conflicting_source_status;release_status_needs_dated_source
00-0029300,Tommy Streeter,club_unresolved;missing_or_conflicting_source_status;no_2013_roster_observation;placement_unknown
00-0029301,Jason Slowey,club_unresolved;missing_or_conflicting_source_status;no_2013_roster_observation;placement_unknown
00-0029305,D.J. Campbell,ambiguous_same_year_terms;last_observed_before_week17;missing_or_conflicting_source_status;release_status_needs_dated_source
00-0029306,Jerome Long,last_observed_before_week17;release_status_needs_dated_source
00-0029307,Greg McCoy,club_unresolved;missing_or_conflicting_source_status;no_2013_roster_observation;placement_unknown
00-0029308,Greg Scruggs,club_unresolved;missing_or_conflicting_source_status;no_2013_roster_observation;placement_unknown
00-0029311,Junior Hemingway,ambiguous_same_year_terms
00-0029313,Andrew Datko,club_unresolved;missing_or_conflicting_source_status;no_2013_roster_observation;placement_unknown
00-0029315,Brad Smelley,ambiguous_same_year_terms;last_observed_before_week17
00-0029317,Edwin Baker,missing_or_conflicting_source_status;release_status_needs_dated_source
00-0029318,John Potter,last_observed_before_week17;release_status_needs_dated_source
00-0029319,Josh Bellamy,missing_or_conflicting_source_status;no_pre_2014_contract;release_status_needs_dated_source
00-0029332,James Brown,no_pre_2014_contract
00-0029336,Brittan Golden,no_pre_2014_contract
00-0029354,Rishaw Johnson,no_pre_2014_contract
00-0029355,James Nixon,last_observed_before_week17;no_pre_2014_contract
00-0029362,Stephen Goodin,no_pre_2014_contract
00-0029366,Adewale Ojomo,last_observed_before_week17;missing_or_conflicting_source_status;no_pre_2014_contract;release_status_needs_dated_source
00-0029367,Julian Talley,no_pre_2014_contract
00-0029372,Omar Brown,no_pre_2014_contract
00-0029373,Jack Cornell,last_observed_before_week17;no_pre_2014_contract
00-0029378,Ishmaa'ily Kitchen,no_pre_2014_contract
00-0029379,Antoine McClain,missing_or_conflicting_source_status;no_pre_2014_contract;release_status_needs_dated_source
00-0029384,Bobby Rainey,missing_or_conflicting_source_status;no_pre_2014_contract;release_status_needs_dated_source
00-0029388,Deonte Thompson,no_pre_2014_contract
00-0029391,Sean McGrath,no_pre_2014_contract
00-0029400,Nate Chandler,no_pre_2014_contract
00-0029408,Nick Perry,missing_otc_id
00-0029420,Bradie Ewing,last_observed_before_week17;no_pre_2014_contract
00-0029423,Charles Mitchell,club_unresolved;missing_or_conflicting_source_status;no_2013_roster_observation;placement_unknown
00-0029424,Marvin McNutt,missing_or_conflicting_source_status;release_status_needs_dated_source
00-0029425,Nick Mondek,club_unresolved;missing_or_conflicting_source_status;no_2013_roster_observation;placement_unknown
00-0029426,Brandon Washington,ambiguous_same_year_terms
00-0029427,Terrance Ganaway,club_unresolved;missing_or_conflicting_source_status;no_2013_roster_observation;placement_unknown
00-0029428,Emmanuel Acho,ambiguous_same_year_terms;last_observed_before_week17;missing_or_conflicting_source_status;release_status_needs_dated_source
00-0029431,Tony Dye,last_observed_before_week17;no_pre_2014_contract
00-0029432,Chase Ford,no_pre_2014_contract
00-0029435,Damaris Johnson,no_pre_2014_contract
00-0029438,Chris Polk,no_pre_2014_contract
00-0029440,Emil Igwenagu,last_observed_before_week17;no_pre_2014_contract
00-0029441,Jeremy Stewart,no_pre_2014_contract
00-0029451,Sean Cattouse,last_observed_before_week17;no_pre_2014_contract
00-0029457,Mike Harris,last_observed_before_week17;no_matching_club_contract
00-0029479,Emmanuel Lamur,club_unresolved;missing_or_conflicting_source_status;no_2013_roster_observation;placement_unknown
00-0029493,Ryan Quigley,no_pre_2014_contract
00-0029494,Joe Anderson,last_observed_before_week17;missing_otc_id;release_status_needs_dated_source
00-0029508,Hebron Fangupo,no_pre_2014_contract
00-0029511,Jerrell Jackson,missing_or_conflicting_source_status;no_2013_roster_observation
00-0029520,Eddie Pleasant,no_pre_2014_contract
00-0029521,Tracy Robertson,last_observed_before_week17;no_pre_2014_contract
00-0029522,Cody White,missing_otc_id
00-0029526,Brandon Hardin,club_unresolved;missing_or_conflicting_source_status;no_2013_roster_observation;placement_unknown
00-0029529,Coty Sensabaugh,last_observed_before_week17
00-0029532,Robert Griffin,club_unresolved;missing_or_conflicting_source_status;no_2013_roster_observation;placement_unknown
00-0029541,DeQuan Menzie,club_unresolved;missing_or_conflicting_source_status;no_2013_roster_observation;placement_unknown
00-0029545,Keenan Robinson,club_unresolved;missing_or_conflicting_source_status;no_2013_roster_observation;placement_unknown
00-0029546,Senio Kelemete,club_unresolved;missing_or_conflicting_source_status;no_2013_roster_observation;placement_unknown
00-0029547,Vick Ballard,last_observed_before_week17
00-0029549,Justin Anderson,club_unresolved;missing_or_conflicting_source_status;no_2013_roster_observation;placement_unknown
00-0029550,Tim Fugger,club_unresolved;missing_or_conflicting_source_status;no_2013_roster_observation;placement_unknown
00-0029552,Jeremy Ebert,ambiguous_same_year_terms;last_observed_before_week17;real_jaguars_move_not_applied
00-0029553,Antonio Allen,ambiguous_same_year_terms
00-0029554,Chandler Harnish,club_unresolved;missing_or_conflicting_source_status;no_2013_roster_observation;placement_unknown
00-0029564,B.J. Cunningham,ambiguous_same_year_terms;last_observed_before_week17
00-0029569,Markelle Martin,club_unresolved;missing_or_conflicting_source_status;no_2013_roster_observation;placement_unknown
00-0029571,Kheeston Randall,last_observed_before_week17;release_status_needs_dated_source
00-0029578,Audie Cole,last_observed_before_week17
00-0029588,Dan Herron,last_observed_before_week17;missing_or_conflicting_source_status;release_status_needs_dated_source
00-0029589,Scott Solomon,missing_or_conflicting_source_status;release_status_needs_dated_source
00-0029593,Jonathan Martin,last_observed_before_week17
00-0029594,Sean Spence,club_unresolved;missing_or_conflicting_source_status;no_2013_roster_observation;placement_unknown
00-0029595,Josh Kaddu,ambiguous_same_year_terms;last_observed_before_week17
00-0029601,Brandon Bostick,last_observed_before_week17;no_pre_2014_contract
00-0029605,Isaiah Green,no_pre_2014_contract
00-0029609,Philip Blake,club_unresolved;missing_or_conflicting_source_status;no_2013_roster_observation;placement_unknown
00-0029612,Daryl Richardson,no_matching_club_contract
00-0029613,Doug Martin,last_observed_before_week17
00-0029614,Chris Givens,missing_otc_id
00-0029620,Brandon Marshall,branch_claimant_unknown
00-0029623,Alex Tanney,missing_or_conflicting_source_status;no_pre_2014_contract;release_status_needs_dated_source
00-0029628,Christo Bilukidi,missing_or_conflicting_source_status;release_status_needs_dated_source
00-0029629,Nathan Stupar,missing_or_conflicting_source_status;real_jaguars_move_not_applied;release_status_needs_dated_source
00-0029633,Danny Coale,club_unresolved;missing_or_conflicting_source_status;no_2013_roster_observation;placement_unknown
00-0029635,Caleb McSurdy,club_unresolved;missing_or_conflicting_source_status;no_2013_roster_observation;placement_unknown
00-0029639,Jamell Fleming,missing_or_conflicting_source_status;real_jaguars_move_not_applied;release_status_needs_dated_source
00-0029641,Tyrone Crawford,club_unresolved;missing_or_conflicting_source_status;no_2013_roster_observation;placement_unknown
00-0029642,Jordan White,club_unresolved;missing_or_conflicting_source_status;no_2013_roster_observation;placement_unknown
00-0029648,Matt Johnson,club_unresolved;missing_or_conflicting_source_status;no_2013_roster_observation;placement_unknown
00-0029649,Kyle Knox,missing_or_conflicting_source_status;no_pre_2014_contract;release_status_needs_dated_source
00-0029659,Marcel Jones,club_unresolved;missing_or_conflicting_source_status;no_2013_roster_observation;placement_unknown
00-0029661,Andrew Tiller,club_unresolved;missing_or_conflicting_source_status;no_2013_roster_observation;placement_unknown
00-0029675,Trent Richardson,missing_or_conflicting_source_status;release_status_needs_dated_source
00-0029685,Greg Van Roten,last_observed_before_week17;no_pre_2014_contract
00-0029689,Dwayne Allen,last_observed_before_week17
00-0029691,Josh Robinson,last_observed_before_week17
00-0029696,Chris Lewis-Harris,no_pre_2014_contract
00-0029699,Tony Bergstrom,club_unresolved;missing_or_conflicting_source_status;no_2013_roster_observation;placement_unknown
00-0029702,Juron Criner,last_observed_before_week17
00-0029707,Justin Blackmon,last_observed_before_week17
00-0029709,Ty Nsekhe,club_unresolved;missing_or_conflicting_source_status;no_2013_roster_observation;placement_unknown
00-0029722,Jeff Demps,last_observed_before_week17;no_pre_2014_contract
00-0029731,Fozzy Whittaker,missing_or_conflicting_source_status;no_pre_2014_contract;release_status_needs_dated_source
00-0029735,Jason Vega,last_observed_before_week17;no_pre_2014_contract;release_status_needs_dated_source
00-0029738,Darren Fells,club_unresolved;missing_or_conflicting_source_status;no_2013_roster_observation;placement_unknown
00-0029744,Josh McNary,no_pre_2014_contract
00-0029747,Chris Banjo,no_pre_2014_contract
00-0029754,Shelton Johnson,no_pre_2014_contract
00-0029756,Lamar Mady,no_pre_2014_contract
00-0029764,Cody Davis,ambiguous_same_year_terms
00-0029767,Robert Steeples,no_pre_2014_contract
00-0029770,Joplo Bartu,no_pre_2014_contract
00-0029778,Darius Johnson,no_pre_2014_contract
00-0029779,Terren Jones,no_pre_2014_contract
00-0029781,Adam Replogle,no_pre_2014_contract
00-0029791,Ronnie Wingo,no_pre_2014_contract
00-0029793,Brandon Williams,no_pre_2014_contract
00-0029795,Benny Cunningham,no_pre_2014_contract
00-0029815,Jayson DiManche,no_pre_2014_contract
00-0029825,Sheldon Price,no_pre_2014_contract
00-0029840,Caylin Hauptmann,missing_or_conflicting_source_status;no_pre_2014_contract;release_status_needs_dated_source
00-0029843,Cordell Roberson,missing_or_conflicting_source_status;no_pre_2014_contract;release_status_needs_dated_source
00-0029847,Martin Wallace,no_pre_2014_contract
00-0029848,Nick Williams,no_pre_2014_contract
00-0029853,Josh Aubrey,last_observed_before_week17;no_pre_2014_contract
00-0029856,Lamaar Thomas,no_pre_2014_contract;real_jaguars_move_not_applied
00-0029857,Ryan Griffin,no_pre_2014_contract
00-0029867,Xavier Nixon,missing_or_conflicting_source_status;no_pre_2014_contract;release_status_needs_dated_source
00-0029868,Skye Dawson,no_pre_2014_contract
00-0029869,Will Compton,no_pre_2014_contract
00-0029876,Jumal Rolle,missing_or_conflicting_source_status;no_pre_2014_contract;release_status_needs_dated_source
00-0029880,Jonathan Stewart,last_observed_before_week17;missing_or_conflicting_source_status;release_status_needs_dated_source
00-0029882,Michael Brooks,last_observed_before_week17;no_pre_2014_contract
00-0029883,Joseph Fauria,no_pre_2014_contract
00-0029886,LaAdrian Waddle,no_pre_2014_contract
00-0029888,Darryl Morris,no_pre_2014_contract
00-0029889,Patrick Omameh,missing_or_conflicting_source_status;release_status_needs_dated_source
00-0029894,Kapron Lewis-Moore,club_unresolved;missing_or_conflicting_source_status;no_2013_roster_observation;placement_unknown
00-0029896,Aaron Mellette,last_observed_before_week17
00-0029897,Marc Anthony,club_unresolved;missing_or_conflicting_source_status;no_2013_roster_observation;placement_unknown
00-0029898,Deveron Carr,no_pre_2014_contract
00-0029901,Rashaan Melvin,last_observed_before_week17
00-0029910,Timothy Wright,no_pre_2014_contract
00-0029911,Brian Arnfelt,no_pre_2014_contract
00-0029927,Darius Eubanks,no_pre_2014_contract
00-0029931,Zach Line,last_observed_before_week17;no_pre_2014_contract
00-0029934,Rodney Smith,no_pre_2014_contract
00-0029942,Marcus Burley,last_observed_before_week17;missing_or_conflicting_source_status;no_pre_2014_contract;real_jaguars_move_not_applied;release_status_needs_dated_source
00-0029945,Paul Hazel,no_pre_2014_contract
00-0029946,Abry Jones,real_jaguars_move_not_applied
00-0029952,Tobais Palmer,last_observed_before_week17;missing_or_conflicting_source_status;no_pre_2014_contract;real_jaguars_move_not_applied;release_status_needs_dated_source
00-0029953,Lonnie Pryor,missing_or_conflicting_source_status;no_pre_2014_contract;release_status_needs_dated_source
00-0029955,LaRoy Reynolds,real_jaguars_move_not_applied
00-0029959,Carson Tinker,real_jaguars_move_not_applied
00-0029963,Chris Hubbard,club_unresolved;missing_or_conflicting_source_status;no_2013_roster_observation;placement_unknown
00-0029965,Chris Barker,no_pre_2014_contract
00-0029967,Sam Brenner,no_pre_2014_contract
00-0029972,A.J. Francis,missing_or_conflicting_source_status;no_pre_2014_contract;release_status_needs_dated_source
00-0029974,Keelan Johnson,no_pre_2014_contract
00-0029975,Jordan Kovacs,no_pre_2014_contract
00-0029984,Ryan Allen,no_pre_2014_contract
00-0029987,Kanorris Davis,no_pre_2014_contract
00-0029992,Josh Kline,ambiguous_same_year_terms
00-0029999,Zach Sudfeld,missing_or_conflicting_source_status;no_pre_2014_contract;release_status_needs_dated_source
00-0030000,Kenbrell Thompkins,no_pre_2014_contract
00-0030001,Joe Vellano,no_pre_2014_contract
00-0030021,Joe Unga,missing_or_conflicting_source_status;no_pre_2014_contract;release_status_needs_dated_source
00-0030024,Jeff Tuel,no_pre_2014_contract
00-0030032,Ka'Lial Glaud,no_pre_2014_contract
00-0030033,Terence Garvin,no_pre_2014_contract
00-0030035,Adam Thielen,missing_or_conflicting_source_status;no_2013_roster_observation
00-0030043,Da'Rick Rogers,no_pre_2014_contract
00-0030050,Ray-Ray Armstrong,no_pre_2014_contract
00-0030052,Gerald Rivers,missing_or_conflicting_source_status;no_pre_2014_contract;real_jaguars_move_not_applied;release_status_needs_dated_source
00-0030060,Kenny Vaccaro,last_observed_before_week17
00-0030066,Brian Winters,missing_otc_id
00-0030072,Jordan Hill,missing_otc_id
00-0030077,Chris Harper,missing_or_conflicting_source_status;release_status_needs_dated_source
00-0030078,Johnathan Franklin,last_observed_before_week17
00-0030081,Jesse Williams,club_unresolved;missing_or_conflicting_source_status;no_2013_roster_observation;placement_unknown
00-0030082,Montori Hughes,last_observed_before_week17
00-0030086,Quanterus Smith,club_unresolved;missing_or_conflicting_source_status;no_2013_roster_observation;placement_unknown
00-0030087,Cooper Taylor,last_observed_before_week17
00-0030091,Tavarres King,missing_or_conflicting_source_status;release_status_needs_dated_source
00-0030095,Corey Fuller,club_unresolved;missing_or_conflicting_source_status;no_2013_roster_observation;placement_unknown
00-0030096,Vinston Painter,ambiguous_same_year_terms
00-0030097,David Quessenberry,last_observed_before_week17
00-0030098,Dustin Hopkins,last_observed_before_week17
00-0030101,Rufus Johnson,ambiguous_same_year_terms
00-0030103,John Boyett,club_unresolved;missing_or_conflicting_source_status;no_2013_roster_observation;placement_unknown
00-0030105,Alan Bonner,club_unresolved;missing_or_conflicting_source_status;no_2013_roster_observation;placement_unknown
00-0030106,Chris Jones,missing_or_conflicting_source_status;release_status_needs_dated_source
00-0030110,Michael Williams,club_unresolved;missing_or_conflicting_source_status;no_2013_roster_observation;placement_unknown
00-0030111,Joe Kruger,club_unresolved;missing_or_conflicting_source_status;no_2013_roster_observation;placement_unknown
00-0030113,Charles Johnson,last_observed_before_week17;missing_or_conflicting_source_status;release_status_needs_dated_source
00-0030114,Jordan Poyer,missing_or_conflicting_source_status;release_status_needs_dated_source
00-0030115,Ryan Seymour,ambiguous_same_year_terms;missing_or_conflicting_source_status;release_status_needs_dated_source
00-0030116,Kevin Dorsey,club_unresolved;missing_or_conflicting_source_status;no_2013_roster_observation;placement_unknown
00-0030117,Kerwynn Williams,ambiguous_same_year_terms;last_observed_before_week17;missing_or_conflicting_source_status;release_status_needs_dated_source
00-0030118,Ty Powell,missing_or_conflicting_source_status;release_status_needs_dated_source
00-0030119,Sam Barrington,last_observed_before_week17
00-0030120,B.J. Daniels,ambiguous_same_year_terms;last_observed_before_week17;missing_or_conflicting_source_status;release_status_needs_dated_source
00-0030121,David King,club_unresolved;missing_or_conflicting_source_status;no_2013_roster_observation;placement_unknown
00-0030122,Reid Fragel,missing_or_conflicting_source_status;release_status_needs_dated_source
00-0030123,Jared Smith,club_unresolved;missing_or_conflicting_source_status;no_2013_roster_observation;placement_unknown
00-0030124,Brandon Hepburn,club_unresolved;missing_or_conflicting_source_status;no_2013_roster_observation;placement_unknown
00-0030125,Carter Bykowski,club_unresolved;missing_or_conflicting_source_status;no_2013_roster_observation;placement_unknown
00-0030126,T.J. Johnson,club_unresolved;missing_or_conflicting_source_status;no_2013_roster_observation;placement_unknown
00-0030129,Justice Cunningham,ambiguous_same_year_terms;last_observed_before_week17;missing_or_conflicting_source_status;release_status_needs_dated_source
00-0030131,Andy Mulumba,no_pre_2014_contract
00-0030132,Stefan Charles,missing_or_conflicting_source_status;no_pre_2014_contract;release_status_needs_dated_source
00-0030134,Michael Ford,no_pre_2014_contract
00-0030135,Josh Lenz,missing_or_conflicting_source_status;no_pre_2014_contract;release_status_needs_dated_source
00-0030137,Zach Minter,last_observed_before_week17;no_pre_2014_contract;release_status_needs_dated_source
00-0030141,C.J. Wilson,last_observed_before_week17
00-0030143,Jake Knott,no_pre_2014_contract
00-0030147,Russell Shepard,last_observed_before_week17
00-0030150,Matthew Tucker,no_pre_2014_contract
00-0030160,Josh Martin,no_pre_2014_contract
00-0030161,Bradley McDougald,missing_or_conflicting_source_status;release_status_needs_dated_source
00-0030164,Troy Davis,last_observed_before_week17;no_pre_2014_contract
00-0030170,Rontez Miles,last_observed_before_week17;no_pre_2014_contract
00-0030171,Chris Pantale,no_pre_2014_contract
00-0030175,Ryan Spadola,last_observed_before_week17;missing_or_conflicting_source_status;no_pre_2014_contract;release_status_needs_dated_source
00-0030194,Jakar Hamilton,no_pre_2014_contract
00-0030198,Cameron Lawrence,no_pre_2014_contract
00-0030200,Brandon Magee,last_observed_before_week17;no_pre_2014_contract
00-0030210,John Lotulelei,missing_or_conflicting_source_status;no_pre_2014_contract;real_jaguars_move_not_applied;release_status_needs_dated_source
00-0030215,Glenn Foster,no_pre_2014_contract
00-0030217,Tim Lelito,no_pre_2014_contract
00-0030219,Eric Martin,no_pre_2014_contract
00-0030221,Keavon Milton,no_pre_2014_contract
00-0030222,Kevin Reddick,no_pre_2014_contract
00-0030224,Rod Sweeting,no_pre_2014_contract
00-0030226,Johnny Adams,last_observed_before_week17;missing_or_conflicting_source_status;no_pre_2014_contract;release_status_needs_dated_source
00-0030228,A.J. Bouye,last_observed_before_week17
00-0030231,Ja'Gared Davis,no_pre_2014_contract
00-0030233,Ray Graham,missing_or_conflicting_source_status;no_pre_2014_contract;release_status_needs_dated_source
00-0030235,Willie Jefferson,last_observed_before_week17;no_pre_2014_contract;release_status_needs_dated_source
00-0030236,Dennis Johnson,missing_or_conflicting_source_status;no_pre_2014_contract;release_status_needs_dated_source
00-0030238,Alex Kupper,no_pre_2014_contract
00-0030245,Jawanza Starling,missing_or_conflicting_source_status;no_pre_2014_contract;release_status_needs_dated_source
00-0030246,Justin Tuggle,no_pre_2014_contract
00-0030248,Cierre Wood,last_observed_before_week17;missing_or_conflicting_source_status;no_pre_2014_contract;release_status_needs_dated_source
00-0030251,Wes Horton,no_pre_2014_contract
00-0030254,Robert Lester,no_pre_2014_contract
00-0030259,Melvin White,no_pre_2014_contract
00-0030263,Charles James,no_pre_2014_contract
00-0030268,Patrick Lewis,missing_or_conflicting_source_status;real_jaguars_move_not_applied;release_status_needs_dated_source
00-0030272,Jake Stoneburner,no_pre_2014_contract
00-0030274,Myles White,last_observed_before_week17;no_pre_2014_contract
00-0030277,Christian Tupou,last_observed_before_week17;missing_or_conflicting_source_status;no_pre_2014_contract;release_status_needs_dated_source
00-0030281,Sean Porter,club_unresolved;missing_or_conflicting_source_status;no_2013_roster_observation;placement_unknown
00-0030283,Steve Williams,club_unresolved;missing_or_conflicting_source_status;no_2013_roster_observation;placement_unknown
00-0030290,Cobi Hamilton,club_unresolved;missing_or_conflicting_source_status;no_2013_roster_observation;placement_unknown
00-0030291,D.C. Jefferson,last_observed_before_week17;missing_or_conflicting_source_status;release_status_needs_dated_source
00-0030309,Kenny Demens,last_observed_before_week17;no_pre_2014_contract
00-0030313,Nick Becton,last_observed_before_week17;no_pre_2014_contract
00-0030317,Marcus Cromartie,no_pre_2014_contract
00-0030318,Kwame Geathers,no_pre_2014_contract
00-0030320,Michael Hill,missing_or_conflicting_source_status;no_pre_2014_contract;release_status_needs_dated_source
00-0030348,Khiry Robinson,no_pre_2014_contract
00-0030368,Chance Casey,no_pre_2014_contract
00-0030370,Greg Jenkins,no_pre_2014_contract
00-0030371,Ryan Robinson,no_pre_2014_contract
00-0030391,Mike James,last_observed_before_week17
00-0030393,Everett Dawkins,last_observed_before_week17;missing_or_conflicting_source_status;release_status_needs_dated_source
00-0030400,Marlon Brown,no_pre_2014_contract
00-0030404,Chris Thompson,last_observed_before_week17
00-0030408,Travis Bond,missing_or_conflicting_source_status;release_status_needs_dated_source
00-0030413,Trevardo Williams,club_unresolved;missing_or_conflicting_source_status;no_2013_roster_observation;placement_unknown
00-0030414,Spencer Ware,last_observed_before_week17
00-0030415,Jawan Jamison,ambiguous_same_year_terms
00-0030423,Phillip Thomas,club_unresolved;missing_or_conflicting_source_status;no_2013_roster_observation;placement_unknown
00-0030428,Zeke Motta,last_observed_before_week17
00-0030429,Toben Opurum,missing_or_conflicting_source_status;no_pre_2014_contract;release_status_needs_dated_source
00-0030435,Jeremy Harris,branch_contract_review;club_unresolved;missing_or_conflicting_source_status;no_2013_roster_observation
00-0030441,Kyle Long,missing_otc_id
00-0030444,Jamoris Slaughter,club_unresolved;missing_or_conflicting_source_status;no_2013_roster_observation;placement_unknown
00-0030451,Demetrius McCray,branch_contract_review
00-0030452,Eric Herman,ambiguous_same_year_terms
00-0030457,Cornellius Carradine,last_observed_before_week17
00-0030459,Tyrann Mathieu,last_observed_before_week17
00-0030461,Edmund Kugbila,club_unresolved;missing_or_conflicting_source_status;no_2013_roster_observation;placement_unknown
00-0030462,Sanders Commings,last_observed_before_week17
00-0030466,Justin Brown,club_unresolved;missing_or_conflicting_source_status;no_2013_roster_observation;placement_unknown
00-0030467,Justin Veltung,no_pre_2014_contract
00-0030468,Caesar Rayford,last_observed_before_week17;no_pre_2014_contract
00-0030472,Jordan Reed,last_observed_before_week17
00-0030473,Sam Montgomery,last_observed_before_week17;release_status_needs_dated_source
00-0030487,Tharold Simon,club_unresolved;missing_or_conflicting_source_status;no_2013_roster_observation;placement_unknown
00-0030489,Khalid Wooten,ambiguous_same_year_terms
00-0030497,Marcus Lattimore,club_unresolved;missing_or_conflicting_source_status;no_2013_roster_observation;placement_unknown
00-0030500,Nick Williams,club_unresolved;missing_or_conflicting_source_status;no_2013_roster_observation;placement_unknown
00-0030503,Alex Okafor,last_observed_before_week17
00-0030506,Travis Kelce,last_observed_before_week17
00-0030513,Latavius Murray,club_unresolved;missing_or_conflicting_source_status;no_2013_roster_observation;placement_unknown
00-0030516,Brice Butler,no_matching_club_contract
00-0030531,Dallas Thomas,no_pre_2014_contract
00-0030533,Matt Barkley,branch_contract_review
00-0030536,Zac Stacy,no_matching_club_contract
00-0030538,Johnathan Cyprien,branch_contract_review
00-0030539,Dwayne Gratz,branch_contract_review
00-0030545,Luke Joeckel,branch_contract_review;last_observed_before_week17
00-0030547,Denard Robinson,branch_contract_review
00-0030550,Ace Sanders,branch_contract_review
00-0030557,Josh Evans,branch_contract_review
00-0030560,Justin Green,no_pre_2014_contract
00-0030567,Brennan Williams,club_unresolved;missing_or_conflicting_source_status;no_2013_roster_observation;placement_unknown
00-0030568,Tyler Wilson,missing_or_conflicting_source_status;release_status_needs_dated_source
00-0030569,Sean Renfree,club_unresolved;missing_or_conflicting_source_status;no_2013_roster_observation;placement_unknown
00-0030572,D.J. Hayden,last_observed_before_week17
00-0030583,Daniel Adongo,no_pre_2014_contract
00-0030590,Jonathan Cooper,club_unresolved;missing_or_conflicting_source_status;no_2013_roster_observation;placement_unknown
00-0031354,Lamin Barrow,club_unresolved;missing_or_conflicting_source_status;no_2013_roster_observation;placement_unknown
